<?xml version="1.0" encoding="UTF-8"?>
<jcr:root xmlns:sling="http://sling.apache.org/jcr/sling/1.0" xmlns:cq="http://www.day.com/jcr/cq/1.0" xmlns:jcr="http://www.jcp.org/jcr/1.0" xmlns:nt="http://www.jcp.org/jcr/nt/1.0"
    jcr:isCheckedOut="{Boolean}false"
    jcr:primaryType="cq:WorkflowModel"
    jcr:uuid="d941a6fe-4e4d-4ae5-80a8-5082c87f75ce"
    sling:resourceType="cq/workflow/components/model"
    description="No Description"
    title="Move page">
    <metaData
        cq:generatingPage="/conf/global/settings/workflow/models/move_page/jcr:content"
        cq:lastModified="{Long}1714559880282"
        cq:lastModifiedBy="admin"
        jcr:primaryType="nt:unstructured"/>
    <nodes jcr:primaryType="nt:unstructured">
        <node0
            jcr:primaryType="cq:WorkflowNode"
            title="Start"
            type="START">
            <metaData jcr:primaryType="nt:unstructured"/>
        </node0>
        <node1
            jcr:primaryType="cq:WorkflowNode"
            title="OR_SPLIT"
            type="OR_SPLIT">
            <metaData jcr:primaryType="nt:unstructured"/>
        </node1>
        <node2
            jcr:primaryType="cq:WorkflowNode"
            title="OR_JOIN"
            type="OR_JOIN">
            <metaData jcr:primaryType="nt:unstructured"/>
        </node2>
        <node3
            jcr:primaryType="cq:WorkflowNode"
            description="A participant step that is using a dialog for set &quot;pathToMove &quot; property for payload (page)."
            title="Set &quot;pathToMove &quot; property dialog participant"
            type="PARTICIPANT">
            <metaData
                jcr:primaryType="nt:unstructured"
                DIALOG_PATH="/conf/global/settings/workflow/models/move_page/cq:dialog"
                PARTICIPANT="administrators"
                timeoutMillis="1"/>
        </node3>
        <node4
            jcr:primaryType="cq:WorkflowNode"
            description="A no operation process"
            title="No Operation"
            type="PROCESS">
            <metaData
                jcr:primaryType="nt:unstructured"
                PROCESS="/libs/workflow/scripts/noop.ecma"
                PROCESS_AUTO_ADVANCE="true"/>
        </node4>
        <node5
            jcr:primaryType="cq:WorkflowNode"
            title="OR_SPLIT"
            type="OR_SPLIT">
            <metaData jcr:primaryType="nt:unstructured"/>
        </node5>
        <node6
            jcr:primaryType="cq:WorkflowNode"
            title="OR_JOIN"
            type="OR_JOIN">
            <metaData jcr:primaryType="nt:unstructured"/>
        </node6>
        <node7
            jcr:primaryType="cq:WorkflowNode"
            description="It moves the page to that path"
            title="Move page by path"
            type="PROCESS">
            <metaData
                jcr:primaryType="nt:unstructured"
                PROCESS="com.mysite.core.workflows.steps.MovePageStep"
                timeoutMillis="1"/>
        </node7>
        <node8
            jcr:primaryType="cq:WorkflowNode"
            description="A no operation process"
            title="No Operation"
            type="PROCESS">
            <metaData
                jcr:primaryType="nt:unstructured"
                PROCESS="/libs/workflow/scripts/noop.ecma"
                PROCESS_AUTO_ADVANCE="true"/>
        </node8>
        <node9
            jcr:primaryType="cq:WorkflowNode"
            title="End"
            type="END">
            <metaData jcr:primaryType="nt:unstructured"/>
        </node9>
    </nodes>
    <transitions jcr:primaryType="nt:unstructured">
        <node0_x0023_node1
            jcr:primaryType="cq:WorkflowTransition"
            from="node0"
            to="node1">
            <metaData jcr:primaryType="nt:unstructured"/>
        </node0_x0023_node1>
        <node1_x0023_node3
            jcr:primaryType="cq:WorkflowTransition"
            from="node1"
            rule="function check() {&#xd;&#xa;    let pageContentNodePath = workflowData.getPayload() + &quot;/jcr:content&quot;;&#xd;&#xa;    if (!jcrSession.nodeExists(pageContentNodePath)) {&#xd;&#xa;        log.info(&quot;jcr:content node does not exists&quot;);&#xd;&#xa;        return false;&#xd;&#xa;    }&#xd;&#xa;&#xd;&#xa;    let pageContent = jcrSession.getNode(pageContentNodePath);&#xd;&#xa;    if (!pageContent.hasProperty(&quot;pathToMove&quot;)) {&#xd;&#xa;        log.info(&quot;pathToMove is NOT present&quot;);&#xd;&#xa;        return true;&#xd;&#xa;    }&#xd;&#xa;    return false;&#xd;&#xa;}"
            to="node3">
            <metaData
                jcr:primaryType="nt:unstructured"
                isDefault="false"/>
        </node1_x0023_node3>
        <node3_x0023_node2
            jcr:primaryType="cq:WorkflowTransition"
            from="node3"
            to="node2">
            <metaData jcr:primaryType="nt:unstructured"/>
        </node3_x0023_node2>
        <node1_x0023_node4
            jcr:primaryType="cq:WorkflowTransition"
            from="node1"
            rule="function check() {&#xd;&#xa;    let pageContentNodePath = workflowData.getPayload() + &quot;/jcr:content&quot;;&#xd;&#xa;    if (!jcrSession.nodeExists(pageContentNodePath)) {&#xd;&#xa;        log.info(&quot;jcr:content node does not exists&quot;);&#xd;&#xa;        return false;&#xd;&#xa;    }&#xd;&#xa;&#xd;&#xa;    let pageContent = jcrSession.getNode(pageContentNodePath);&#xd;&#xa;    return pageContent.hasProperty(&quot;pathToMove&quot;);&#xd;&#xa;}"
            to="node4">
            <metaData
                jcr:primaryType="nt:unstructured"
                isDefault="false"/>
        </node1_x0023_node4>
        <node4_x0023_node2
            jcr:primaryType="cq:WorkflowTransition"
            from="node4"
            to="node2">
            <metaData jcr:primaryType="nt:unstructured"/>
        </node4_x0023_node2>
        <node2_x0023_node5
            jcr:primaryType="cq:WorkflowTransition"
            from="node2"
            to="node5">
            <metaData jcr:primaryType="nt:unstructured"/>
        </node2_x0023_node5>
        <node5_x0023_node7
            jcr:primaryType="cq:WorkflowTransition"
            from="node5"
            rule="function check() {&#xd;&#xa;    let pagePath = workflowData.getPayload();&#xd;&#xa;    let pageContentNodePath = pagePath + &quot;/jcr:content&quot;;&#xd;&#xa;    if (!jcrSession.nodeExists(pageContentNodePath)) {&#xd;&#xa;        log.info(&quot;jcr:content node does not exists&quot;);&#xd;&#xa;        return false;&#xd;&#xa;    }&#xd;&#xa;&#xd;&#xa;    let pageContent = jcrSession.getNode(pageContentNodePath);&#xd;&#xa;    if (pageContent.hasProperty(&quot;pathToMove&quot;)) {&#xd;&#xa;        let pathToMove = pageContent.getProperty(&quot;pathToMove&quot;).toString();&#xd;&#xa;        if(pathToMove == &quot;&quot;) {&#xd;&#xa;            log.info(&quot;pathToMove is empty&quot;);&#xd;&#xa;            return false;&#xd;&#xa;        }&#xd;&#xa;&#xd;&#xa;        let pagePathWithoutPageName = pagePath.substring(0, pagePath.lastIndexOf(&quot;/&quot;));&#xd;&#xa;        if(pathToMove == pagePathWithoutPageName) {&#xd;&#xa;            log.info(&quot;pathToMove is the same as the current page path&quot;);&#xd;&#xa;            return false;&#xd;&#xa;        }&#xd;&#xa;&#xd;&#xa;        if(!jcrSession.nodeExists(pathToMove)) {&#xd;&#xa;            log.info(&quot;Path '&quot; + pathToMove + &quot;' does not exist in the repository&quot;);&#xd;&#xa;            return false;&#xd;&#xa;        }&#xd;&#xa;&#xd;&#xa;        return true;&#xd;&#xa;    }&#xd;&#xa;&#xd;&#xa;    log.info(&quot;pathToMove is not present&quot;);&#xd;&#xa;    return false;&#xd;&#xa;}"
            to="node7">
            <metaData
                jcr:primaryType="nt:unstructured"
                isDefault="false"/>
        </node5_x0023_node7>
        <node7_x0023_node6
            jcr:primaryType="cq:WorkflowTransition"
            from="node7"
            to="node6">
            <metaData jcr:primaryType="nt:unstructured"/>
        </node7_x0023_node6>
        <node5_x0023_node8
            jcr:primaryType="cq:WorkflowTransition"
            from="node5"
            rule="function check() {&#xd;&#xa;    let pagePath = workflowData.getPayload();&#xd;&#xa;    let pageContentNodePath = pagePath + &quot;/jcr:content&quot;;&#xd;&#xa;    if (!jcrSession.nodeExists(pageContentNodePath)) {&#xd;&#xa;        log.info(&quot;jcr:content node does not exists&quot;);&#xd;&#xa;        return false;&#xd;&#xa;    }&#xd;&#xa;&#xd;&#xa;    let pageContent = jcrSession.getNode(pageContentNodePath);&#xd;&#xa;    if (pageContent.hasProperty(&quot;pathToMove&quot;)) {&#xd;&#xa;        let pathToMove = pageContent.getProperty(&quot;pathToMove&quot;).toString();&#xd;&#xa;&#xd;&#xa;        if(pathToMove == &quot;&quot;) {&#xd;&#xa;            return true;&#xd;&#xa;        }&#xd;&#xa;&#xd;&#xa;        let pagePathWithoutPageName = pagePath.substring(0, pagePath.lastIndexOf(&quot;/&quot;));&#xd;&#xa;        if(pathToMove == pagePathWithoutPageName) {&#xd;&#xa;            return true;&#xd;&#xa;        }&#xd;&#xa;&#xd;&#xa;        return !jcrSession.nodeExists(pathToMove);&#xd;&#xa;    }&#xd;&#xa;&#xd;&#xa;    return true;&#xd;&#xa;}"
            to="node8">
            <metaData
                jcr:primaryType="nt:unstructured"
                isDefault="false"/>
        </node5_x0023_node8>
        <node8_x0023_node6
            jcr:primaryType="cq:WorkflowTransition"
            from="node8"
            to="node6">
            <metaData jcr:primaryType="nt:unstructured"/>
        </node8_x0023_node6>
        <node6_x0023_node9
            jcr:primaryType="cq:WorkflowTransition"
            from="node6"
            to="node9">
            <metaData jcr:primaryType="nt:unstructured"/>
        </node6_x0023_node9>
    </transitions>
</jcr:root>
